No,Modul,Menu Navigasi Kiri,Path / URL,Tab dalam Halaman,Komponen File,Daftar Fitur & Fungsi,Hak Akses Role
1,Core (Administrasi & Yayasan),Dashboard,/core/dashboard,Utama,Dashboard.jsx,"Ringkasan metrik sistem global: Total pengguna aktif, jumlah satuan pendidikan, total transaksi hari ini, grafik lalu lintas API & Webhook, status health service modul backend, widget alert keamanan & log aktivitas terkini.","super_admin, admin_yayasan, admin_satuan_pendidikan, developer"
2,Core (Administrasi & Yayasan),Manajemen User,/core/users,Daftar Pengguna,ManajemenUser.jsx,"Tabel data pengguna dengan pagination & search; Filter berdasarkan Satuan Pendidikan, Role, dan Status (Aktif/Nonaktif); Tombol Tambah User Baru; Modal Form User (Username, Email, Nama Lengkap, Password, Satuan Pendidikan, Multiple Roles); Modal Reset Password; Aksi Edit User; Aksi Switch Status (Suspend/Activate); Aksi Hapus/Void User; Export Data Pengguna ke Excel.","super_admin, admin_yayasan, admin_satuan_pendidikan"
3,Core (Administrasi & Yayasan),Role & Permission,/core/roles,Manajemen Role & Hak Akses,RoleManagement.jsx,"Daftar Role Sistem (Super Admin, Admin Yayasan, Admin Satuan, Kasir, Guru, dll.); Form Tambah/Edit Role; Matriks Perizinan Granular per Modul (Core, Kepegawaian, Akademik, Keuangan, Kantin, Sarpras, Dapur, Perpustakaan, Manajemen); Checkbox View, Create, Update, Delete, Void, Export, Approval; Proteksi Role Sistem Bawaan (System Roles Locked).","super_admin, admin_yayasan"
4,Core (Administrasi & Yayasan),Profil Yayasan,/core/foundation,Profil Yayasan,ProfilYayasan.jsx,"Form Identitas Yayasan (Nama Yayasan, No. SK Kemenkumham, Akta Notaris, NPWP, Logo Yayasan, Alamat Kantor Pusat, Kontak Email, No. Telepon, Website Resmi, Susunan Pengurus/Dewan Pembina); Tombol Simpan Perubahan; Upload Logo & Favicon Yayasan.","super_admin, admin_yayasan"
5,Core (Administrasi & Yayasan),Satuan Pendidikan,/core/school-units,Daftar Unit Sekolah,SatuanPendidikan.jsx,"Daftar Satuan Pendidikan (TK, SD, SMP, SMA, Pondok Pesantren/Tahfidz); Modal Tambah/Edit Unit Sekolah (Kode Unit, Nama Unit, Jenjang, NPSN, Kepala Sekolah, Alamat, No. Telp, Logo Unit, Status Aktif); Toggle Status Satuan; Filter Unit Aktif; Integrasi scoping multi-tenancy sekolah.","super_admin, admin_yayasan, admin_satuan_pendidikan"
6,Core (Administrasi & Yayasan),Pengaturan Sistem,/core/settings,Umum & Maintenance,PengaturanSistem.jsx,"Konfigurasi parameter sistem: Mode Pemeliharaan (Maintenance Mode toggle), Format Penomoran Dokumen Otomatis, Pengaturan Sesi Login & Token Expiry, Konfigurasi Email SMTP (Notifikasi), Pengaturan Backup Database, Konfigurasi Format Mata Uang & Zona Waktu.","super_admin, admin_yayasan"
7,Core (Administrasi & Yayasan),Webhook Subscribers,/core/webhooks,Langganan Webhook,WebhookSubscribers.jsx,"Daftar Webhook Endpoint Terdaftar; Tambah Subscriber Webhook (URL target, Secret Signature Key, Event Triggers); Test Ping Webhook; Log Pengiriman Webhook (Payload, Response Code, Retry Count, Timestamp); Retry Manual Pengiriman Gagal.","super_admin, developer"
8,Core (Administrasi & Yayasan),API Gateway & Clients,/core/api-clients,Klien API & Kunci,ApiClients.jsx,"Manajemen Aplikasi Klien API (Client ID, Secret Key generation, Scope Access, Rate Limiting QPS); Generate API Token; Revoke Token / Deaktivasi Klien; Log Pemanggilan API & Pemantauan Kuota.","super_admin, developer"
9,Core (Administrasi & Yayasan),Audit Log,/core/audit-logs,Log Audit Aktivitas,AuditLog.jsx,"Pencatatan riwayat audit append-only: Filter berdasarkan Rentang Tanggal, Modul, User Pelaku, Tipe Aksi (CREATE, UPDATE, DELETE, VOID, LOGIN, APPROVE); Modal Detail Perubahan Data (Diff Before vs After JSON); Export Audit Log ke Excel/CSV.","super_admin, admin_yayasan, admin_satuan_pendidikan, developer"
10,Kepegawaian (HRD & SDM),Dashboard,/kepegawaian/dashboard,Utama,Dashboard.jsx,"Statistik SDM: Total Pegawai Aktif, Guru vs Staf, Status Kepegawaian (Tetap/Kontrak/Honor), Rekap Presensi Hari Ini (Hadir, Izin, Sakit, Alpa, Terlambat), Pengingat Masa Kontrak Berakhir, Jadwal Ulang Tahun Pegawai, Quick Links HRD.","hrd, super_admin, admin_satuan_pendidikan"
11,Kepegawaian (HRD & SDM),Data Pegawai,/kepegawaian/employees,Semua Pegawai,DataPegawai.jsx,"Tabel Master Pegawai; Filter Unit Sekolah, Status Kerja, Jabatan, Departemen; Pencarian Nama/NIP/NIK; Modal Tambah Pegawai Baru; Tombol Import Data Pegawai Excel; Tombol Export Data Pegawai Excel; Aksi Edit Cepat, Nonaktifkan Pegawai, Lihat Profil Detail.","hrd, super_admin, admin_satuan_pendidikan"
12,Kepegawaian (HRD & SDM),Detail Pegawai,/kepegawaian/employees/:id,Tab: Biodata & Pribadi,DetailPegawai.jsx,"Informasi NIP, NIK, Nama Lengkap, Gelar, Tempat/Tgl Lahir, Jenis Kelamin, Agama, Status Pernikahan, Golongan Darah, Alamat KTP & Domisili, Kontak HP & Email, Foto Profil.","hrd, super_admin, admin_satuan_pendidikan"
13,Kepegawaian (HRD & SDM),Detail Pegawai,/kepegawaian/employees/:id,Tab: Kepegawaian & Penugasan,DetailPegawai.jsx,"Status Kepegawaian (PNS/GTY/PTY/Honorer), Satuan Pendidikan Unit, Jabatan Utama & Tambahan, Golongan/Pangkat, Tanggal Masuk, Tanggal Mulai/Selesai Kontrak, Riwayat SK Pengangkatan.","hrd, super_admin, admin_satuan_pendidikan"
14,Kepegawaian (HRD & SDM),Detail Pegawai,/kepegawaian/employees/:id,Tab: Pendidikan & Pelatihan,DetailPegawai.jsx,"Riwayat Jenjang Pendidikan Formal (SD hingga S1/S2/S3), Nama Institusi, Jurusan, Tahun Lulus, No Ijazah; Riwayat Sertifikasi & Pelatihan/Diklat.","hrd, super_admin, admin_satuan_pendidikan"
15,Kepegawaian (HRD & SDM),Detail Pegawai,/kepegawaian/employees/:id,Tab: Dokumen & Berkas,DetailPegawai.jsx,"Unggah & Unduh Berkas Digital (KTP, KK, NPWP, Ijazah, Transkrip, SK Pengangkatan, Surat Nikah, Sertifikat Pendidik); Preview Dokumen PDF/Gambar.","hrd, super_admin, admin_satuan_pendidikan"
16,Kepegawaian (HRD & SDM),Detail Pegawai,/kepegawaian/employees/:id,Tab: Riwayat Gaji & Rekening,DetailPegawai.jsx,"Nomor Rekening Bank Payroll, Nama Pemilik Rekening, Nama Bank, Skema Gaji Pokok & Tunjangan Tetap, Riwayat Slip Gaji.","hrd, super_admin, admin_satuan_pendidikan"
17,Kepegawaian (HRD & SDM),Status Kepegawaian,/kepegawaian/employment-statuses,Master Status Kerja,MasterStatusKepegawaian.jsx,"Master tipe status kepegawaian (GTY - Guru Tetap Yayasan, GTT - Guru Tidak Tetap, PTY - Pegawai Tetap Yayasan, PTT, Kontrak, Magang); Form Tambah/Edit Status; Konfigurasi Hak Cuti & Tunjangan per Status.","hrd, super_admin"
18,Kepegawaian (HRD & SDM),Rekrutmen,/kepegawaian/recruitment,Tab: Lowongan Kerja,Rekrutmen.jsx,"Daftar Lowongan Posisi (Guru Kelas, Guru Tahfidz, Staf Admin, IT, dll.); Form Buat Lowongan Baru (Judul Posisi, Unit Sekolah, Kualifikasi, Deskripsi Pekerjaan, Batas Pendaftaran, Status Buka/Tutup); Share Link Lowongan Publik.","hrd, super_admin"
19,Kepegawaian (HRD & SDM),Rekrutmen,/kepegawaian/recruitment,Tab: Pelamar & Seleksi,Rekrutmen.jsx,"Daftar Berkas Lamaran Masuk; Filter Posisi & Status Seleksi (Administrasi, Tes Psikotes, Microteaching/Wawancara, Diterima, Ditolak); Detail Profil Pelamar & Unduh CV; Generate Link Tes Psikotes Online; Form Input Nilai Wawancara; Ubah Status Tahapan Rekrutmen.","hrd, super_admin"
20,Kepegawaian (HRD & SDM),Tes Psikologi (Sesi),/kepegawaian/psikotes/sesi,Sesi Ujian Psikotes,DaftarSesi.jsx,"Daftar Sesi Psikotes (MBTI & Big Five OCEAN); Tombol Buat Sesi Tes Baru; Generate Token & Public URL Ujian; Modal Salin Tautan Pelamar; Pantau Status Pengerjaan (Belum Mulai, Sedang Mengerjakan, Selesai); Lihat & Unduh Laporan Analisis Psikogram PDF.","hrd, super_admin"
21,Kepegawaian (HRD & SDM),Tes Psikologi Saya,/kepegawaian/psikotes/saya,Portal Tes Internal Pegawai,IsiTesKaryawan.jsx,Halaman Pengisian Tes Psikotes Mandiri untuk Pegawai Aktif (Self Assessment MBTI / Big Five); Instruksi Tes; Kuesioner Pilihan Ganda; Navigasi Butir Soal; Tombol Simpan & Selesai Tes; Preview Hasil Tipe Kepribadian Mandiri.,"semua_pegawai, hrd, guru, super_admin"
22,Kepegawaian (HRD & SDM),Bank Soal Psikotes,/kepegawaian/psikotes/bank-soal,Bank Instrumen Soal,BankSoal.jsx,"Manajemen Butir Soal Tes Psikologi: Soal MBTI (Extraversion-Introversion, Sensing-Intuition, Thinking-Feeling, Judging-Perceiving) & Big Five (Openness, Conscientiousness, Extraversion, Agreeableness, Neuroticism); Tambah/Edit Soal & Skala Skor Likert.","hrd, super_admin"
23,Kepegawaian (HRD & SDM),Struktur & DUK,/kepegawaian/organization,Tab: Bagan Organisasi,StrukturOrganisasi.jsx,Visualisasi Pohon Struktur Organisasi Yayasan & Unit Sekolah (Ketua Yayasan -> Kepala Sekolah -> Waka -> Koordinator -> Guru/Staf); Drag & drop atau Form Mapping Atasan-Bawahan; Export Gambar Bagan.,"hrd, super_admin"
24,Kepegawaian (HRD & SDM),Struktur & DUK,/kepegawaian/organization,Tab: Daftar Urut Kepangkatan (DUK),StrukturOrganisasi.jsx,"Tabel DUK Pegawai Terurut Otomatis berdasarkan Golongan, Pangkat, Masa Kerja, Pendidikan Terakhir, Usia; Filter Satuan Pendidikan; Export DUK ke Excel & PDF.","hrd, super_admin"
25,Kepegawaian (HRD & SDM),Presensi / Absensi,/kepegawaian/attendance,Tab: Rekap Presensi Harian,Presensi.jsx,"Log Presensi Masuk & Pulang Harian; Filter Tanggal, Unit Sekolah, Departemen, Status Kehadiran (Tepat Waktu, Terlambat, Izin, Sakit, Alpa); Detail Jam Masuk/Pulang, Foto Selfie, Koordinat GPS, dan Jarak dari Radius Sekolah; Koreksi Manual Presensi oleh HRD; Export Rekap Excel.","hrd, super_admin, admin_satuan_pendidikan"
26,Kepegawaian (HRD & SDM),Presensi / Absensi,/kepegawaian/attendance,Tab: Rekap Bulanan & Statistik,Presensi.jsx,"Matriks Presensi Bulanan per Pegawai (31 Hari); Total Hadir, Sakit, Izin, Cuti, Alpa, Total Keterlambatan (Menit); Integrasi Otomatis ke Komponen Potongan Gaji Payroll.","hrd, super_admin, admin_satuan_pendidikan"
27,Kepegawaian (HRD & SDM),Pengaturan Absensi,/kepegawaian/attendance-settings,Lokasi & Jadwal Kerja,PengaturanAbsensi.jsx,"Konfigurasi Titik Lokasi Satuan Pendidikan (Latitude, Longitude, Radius Geofencing Meter); Pengaturan Jam Shift Kerja (Jam Masuk, Batas Keterlambatan, Jam Pulang, Toleransi Istirahat); Pengaturan Hari Kerja & Hari Libur Nasional.","hrd, super_admin"
28,Kepegawaian (HRD & SDM),Cuti & Lembur,/kepegawaian/leaves-overtimes,Tab: Pengajuan Cuti & Izin,CutiLembur.jsx,"Daftar Pengajuan Cuti Pegawai (Cuti Tahunan, Melahirkan, Menikah, Sakit, Ibadah Haji/Umrah, Alasan Penting); Filter Status (Menunggu Approval, Disetujui Atasan, Ditolak, Selesai); Sisa Kuota Cuti Tahunan; Modal Approval Cuti; Form Pengajuan Cuti Baru.","hrd, atasan_langsung, super_admin"
29,Kepegawaian (HRD & SDM),Cuti & Lembur,/kepegawaian/leaves-overtimes,Tab: Surat Tugas & Lembur,CutiLembur.jsx,"Daftar Pengajuan Lembur & Tugas Luar; Form Surat Perintah Tugas Lembur (Tanggal, Jam Mulai-Selesai, Uraian Tugas, Pegawai Ditugaskan); Verifikasi & Approval Lembur; Perhitungan Nominal Uang Lembur ke Payroll.","hrd, atasan_langsung, super_admin"
30,Kepegawaian (HRD & SDM),Penggajian (Payroll),/kepegawaian/payroll,Tab: Periode & Proses Penggajian,Payroll.jsx,"Daftar Periode Gaji (Bulan/Tahun); Tombol Generate Payroll Otomatis (Tarik data presensi, tunjangan, potongan kasbon, denda terlambat); Filter Satuan Pendidikan; Review Matriks Gaji Seluruh Pegawai; Tombol Finalisasi & Kunci Penggajian; Export Rekap Payroll Bank (Format CSV Transfer Bank).","hrd, keuangan, super_admin"
31,Kepegawaian (HRD & SDM),Penggajian (Payroll),/kepegawaian/payroll,Tab: Slip Gaji Pegawai,Payroll.jsx,"Daftar Slip Gaji Individu; Rincian Penerimaan (Gaji Pokok, Tunjangan Jabatan, Tunjangan Fungsional, Tunjangan Wali Kelas, Tunjangan Kehadiran, Lembur); Rincian Potongan (BPJS Kesehatan/TK, Potongan Absensi, Kasbon Koperasi/Kantin, PPh 21); Tombol Cetak/Unduh PDF Slip Gaji Resmi.","hrd, keuangan, super_admin"
32,Kepegawaian (HRD & SDM),Penggajian (Payroll),/kepegawaian/payroll,Tab: Komponen Gaji & Master Tarif,Payroll.jsx,"Master Komponen Tunjangan & Potongan; Pengaturan Tarif Honor Mengajar per Jam, Tarif Lembur, Tunjangan Khusus Pondok/Tahfidz, Skema BPJS.","hrd, keuangan, super_admin"
33,Kepegawaian (HRD & SDM),Penilaian Kinerja,/kepegawaian/performance,Tab: Evaluasi Kinerja (KPI),PenilaianKinerja.jsx,"Daftar Penilaian Kinerja Tahunan/Semester Pegawai; Form Input Skor KPI (Pedagogik, Profesional, Kepribadian, Sosial, Kedisiplinan, Kontribusi Pondok/Yayasan); Penilaian 360 Derajat (Self, Atasan, Teman Sejawat); Rekap Rata-rata Skor & Grade Kinerja (A/B/C/D); Export Hasil Evaluasi.","hrd, kepala_sekolah, super_admin"
34,Akademik (Sekolah & KBM),Dashboard,/akademik/dashboard,Utama,Dashboard.jsx,"Statistik Akademik: Total Siswa Aktif per Jenjang/Kelas, Jumlah Rombel, Jumlah Guru Pengajar, Jadwal KBM Berlangsung Hari Ini, Rekap Presensi Siswa Hari Ini, Status Pengisian Nilai & Cetak Rapor.","kurikulum, guru, kepala_sekolah, super_admin"
35,Akademik (Sekolah & KBM),Data Siswa & Wali,/akademik/students,Daftar Siswa Aktif,DataSiswa.jsx,"Tabel Master Siswa; Filter Satuan Pendidikan, Tingkat Kelas, Rombel, Status (Aktif/Lulus/Pindah/Keluar); Pencarian NISN, NIS, Nama; Tombol Tambah Siswa Baru; Tombol Import Siswa Excel; Tombol Export Siswa Excel; Cetak Kartu Pelajar; Aksi Mutasi/Ubah Status Siswa.","admin_akademik, wali_kelas, super_admin"
36,Akademik (Sekolah & KBM),Detail Siswa,/akademik/students/:id,Tab: Biodata Siswa,DetailSiswa.jsx,"Informasi Lengkap NISN, NIS, NIK, Nama Lengkap, Nama Panggilan, Tempat/Tgl Lahir, Jenis Kelamin, Agama, Anak Ke, Jumlah Saudara, Alamat Rumah, Kontak.","admin_akademik, guru, super_admin"
37,Akademik (Sekolah & KBM),Detail Siswa,/akademik/students/:id,Tab: Data Orang Tua / Wali,DetailSiswa.jsx,"Nama Ayah, NIK Ayah, Pendidikan, Pekerjaan, Penghasilan; Nama Ibu, NIK Ibu, Pekerjaan; Nama Wali; Nomor WhatsApp Wali Murid (Integrasi Notifikasi).","admin_akademik, guru, super_admin"
38,Akademik (Sekolah & KBM),Detail Siswa,/akademik/students/:id,Tab: Riwayat Rombel & Nilai,DetailSiswa.jsx,Riwayat Penempatan Kelas dari Tahun ke Tahun; Rekap Nilai Akademik Tiap Semester; Rekap Capaian Tahfidz & Ekstrakurikuler.,"admin_akademik, guru, super_admin"
39,Akademik (Sekolah & KBM),Detail Siswa,/akademik/students/:id,Tab: Catatan Kesiswaan & Disiplin,DetailSiswa.jsx,Log Prestasi Akademik/Non-Akademik; Log Pelanggaran & Poin Disiplin; Catatan Konseling BK; Riwayat Izin Santri.,"admin_akademik, guru, guru_bk, super_admin"
40,Akademik (Sekolah & KBM),Rombongan Belajar,/akademik/rombel,Kelola Rombel & Anggota,RombelManagement.jsx,"Daftar Rombel per Tahun Ajaran; Tambah/Edit Rombel (Nama Kelas, Tingkat, Satuan Pendidikan, Wali Kelas, Ruang Kelas, Kapasitas Maksimal); Modal Kelola Anggota Kelas (Pindahkan Siswa, Tambah Siswa, Keluarkan Siswa); Export Daftar Hadir / Absensi Kelas PDF.","admin_akademik, kurikulum, super_admin"
41,Akademik (Sekolah & KBM),Kenaikan & Kelulusan,/akademik/kenaikan-kelulusan,Proses Kenaikan / Kelulusan,KenaikanKelulusan.jsx,"Filter Tahun Ajaran Asal & Tujuan, Tingkat Kelas Asal & Tujuan; Tabel Siswa dengan Rekomendasi Nilai & Kehadiran; Checkbox Status (Naik Kelas / Tinggal Kelas / Lulus / Belum Lulus); Tombol Proses Kenaikan Kelas Massal; Riwayat Status Kenaikan.","admin_akademik, kurikulum, kepala_sekolah, super_admin"
42,Akademik (Sekolah & KBM),Master Data,/akademik/master,Tab: Tahun Ajaran & Semester,MasterAkademik.jsx,Kelola Tahun Akademik (e.g. 2025/2026); Semester (Ganjil/Genap); Set Tahun Ajaran Aktif; Tanggal Mulai-Selesai Semester; Tanggal Pembagian Rapor.,"admin_akademik, super_admin"
43,Akademik (Sekolah & KBM),Master Data,/akademik/master,Tab: Tingkat & Jenjang Kelas,MasterAkademik.jsx,Master Tingkat Kelas (Kelas 1 s/d 12); Urutan Tingkat; Kode Jenjang.,"admin_akademik, super_admin"
44,Akademik (Sekolah & KBM),Master Data,/akademik/master,Tab: Ruang & Fasilitas Kelas,MasterAkademik.jsx,"Daftar Ruang Kelas, Laboratorium, Gedung, Kapasitas Kursi; Status Pemakaian Ruang.","admin_akademik, super_admin"
45,Akademik (Sekolah & KBM),Kurikulum & Mapel,/akademik/curriculum,Tab: Struktur Kurikulum,Kurikulum.jsx,"Kelola Jenis Kurikulum (Kurikulum Merdeka, Kurikulum 2013, Kurikulum Pesantren / Diniyah); Alokasi Jam Pelajaran (JP) per Minggu; Fase Pembelajaran (Fase A/B/C/D/E/F).","kurikulum, super_admin"
46,Akademik (Sekolah & KBM),Kurikulum & Mapel,/akademik/curriculum,Tab: Mata Pelajaran & KKM,Kurikulum.jsx,"Daftar Mata Pelajaran (Kelompok Umum, Peminatan, Muatan Lokal, Kepesantrenan); Kode Mapel, Nama Mapel, Nilai Kriteria Ketercapaian Tujuan Pembelajaran (KKTP / KKM), Guru Pengampu Mapel.","kurikulum, super_admin"
47,Akademik (Sekolah & KBM),Kurikulum & Mapel,/akademik/curriculum,Tab: Capaian & Tujuan Pembelajaran (TP),Kurikulum.jsx,Manajemen Capaian Pembelajaran (CP) dan Tujuan Pembelajaran (TP) per Mapel & Tingkat Kelas; Form Tambah/Import TP; Deskripsi Lingkup Materi untuk Rapor Merdeka.,"kurikulum, guru, super_admin"
48,Akademik (Sekolah & KBM),Jadwal Pelajaran,/akademik/schedules,Jadwal KBM Mingguan,JadwalPelajaran.jsx,"Matriks Jadwal Pelajaran (Senin s/d Sabtu, Jam ke-1 s/d ke-8); Filter per Rombel / per Guru Pengajar; Form Plotting Jadwal (Pilih Mapel, Guru, Jam Mulai-Selesai, Ruang); Deteksi Bentrok Jadwal Guru/Ruang Otomatis; Cetak Jadwal Kelas & Guru PDF; Export Excel.","kurikulum, admin_akademik, guru, super_admin"
49,Akademik (Sekolah & KBM),Input Nilai Mapel,/akademik/scores,Penilaian Sumatif & Formatif,InputNilai.jsx,"Filter Rombel, Mata Pelajaran, Semester, Jenis Penilaian (Tugas, Formatif TP, Sumatif Tengah Semester, Sumatif Akhir Semester); Tabel Input Nilai Cepat per Siswa; Tombol Hitung Nilai Akhir Otomatis; Tombol Import Nilai Excel; Tombol Export Template Excel; Kunci Nilai.","guru, wali_kelas, kurikulum, super_admin"
50,Akademik (Sekolah & KBM),Input Nilai Ekstrakurikuler,/akademik/extracurricular-scores,Penilaian Ekskul,InputNilaiEkstrakurikuler.jsx,"Filter Kegiatan Ekskul (Pramuka, Futsal, Robotik, Kaligrafi, Silat, Panahan, dll.); Input Predikat Nilai (Sangat Baik, Baik, Cukup) & Deskripsi Capaian; Export/Import Nilai Ekskul.","pembina_ekskul, wali_kelas, admin_akademik"
51,Akademik (Sekolah & KBM),Rapor Semester,/akademik/report-cards,Tab: Cetak Rapor Lengkap,Rapor.jsx,"Filter Rombel & Semester; Rekap Nilai Rapor Siswa; Status Kelengkapan Nilai; Generator Cetak Rapor Digital PDF (Cover Rapor, Biodata Siswa, Nilai Akademik & Capaian TP, Nilai Ekskul, Rekap Kehadiran, Catatan Wali Kelas, Tanda Tangan Digital Kepala Sekolah & Wali Kelas).","wali_kelas, kurikulum, kepala_sekolah, super_admin"
52,Akademik (Sekolah & KBM),Rapor Semester,/akademik/report-cards,Tab: Catatan & Sikap Wali Kelas,Rapor.jsx,"Form Input Catatan Perkembangan Karakter Profil Pelajar Pancasila (P5), Catatan Wali Kelas, Keputusan Kenaikan Kelas di Lembar Rapor.","wali_kelas, kepala_sekolah"
53,Akademik (Sekolah & KBM),Presensi & Izin,/akademik/attendance,Tab: Presensi Harian Siswa,Presensi.jsx,"Presensi Siswa per Kelas; Status (Hadir, Sakit, Izin, Alpa, Terlambat); Rekap Persentase Kehadiran; Notifikasi Otomatis ke WhatsApp Orang Tua jika Siswa Tidak Hadir.","guru, wali_kelas, admin_akademik"
54,Akademik (Sekolah & KBM),Presensi & Izin,/akademik/attendance,Tab: Perizinan & Surat Keluar Pondok,Presensi.jsx,Manajemen Surat Izin Pulang / Keluar Santri Pondok; Form Pengajuan Izin (Wali Santri / Pembimbing Asrama); Tanggal Izin & Estimasi Kembali; Verifikasi Satpam / Pos Jaga.,"kesiswaan, pembimbing_asrama, satpam, super_admin"
55,Akademik (Sekolah & KBM),Kesiswaan & BK,/akademik/student-affairs,Tab: Prestasi Santri,Kesiswaan.jsx,"Pencatatan Prestasi Lomba/Kompetisi Siswa (Tingkat Sekolah, Kecamatan, Kota, Provinsi, Nasional, Internasional); Upload Bukti Piagam/Sertifikat; Reward Poin Prestasi.","kesiswaan, guru_bk, super_admin"
56,Akademik (Sekolah & KBM),Kesiswaan & BK,/akademik/student-affairs,Tab: Disiplin & Pelanggaran,Kesiswaan.jsx,"Pencatatan Kasus & Pelanggaran Tata Tertib; Master Poin Pelanggaran; Riwayat Surat Peringatan (SP 1, SP 2, SP 3); Panggilan Orang Tua.","kesiswaan, guru_bk, super_admin"
57,Akademik (Sekolah & KBM),Kesiswaan & BK,/akademik/student-affairs,Tab: Layanan Konseling (BK),Kesiswaan.jsx,"Jurnal Bimbingan & Konseling Privat Siswa; Catatan Kasus Pribadi, Sosial, Belajar, Karir; Tindak Lanjut & Monitoring Perkembangan Siswa.","guru_bk, kepala_sekolah"
58,Akademik (Sekolah & KBM),Ekstrakurikuler,/akademik/extracurriculars,Master Ekskul & Anggota,Ekstrakurikuler.jsx,"Daftar Klub Ekstrakurikuler; Pembina Ekskul, Jadwal Latihan Mingguan, Lokasi/Fasilitas; Pendaftaran Anggota Siswa; Absensi Latihan Ekskul.","kesiswaan, pembina_ekskul, admin_akademik"
59,Akademik (Sekolah & KBM),Kalender Akademik,/akademik/calendar,Agenda & Libur Sekolah,KalenderAkademik.jsx,"Tampilan Kalender Interaktif (Month/Week/Day); Kategori Event (Ujian Semester, Libur Nasional, Libur Semester, Classmeeting, Pondok Ramadhan, Wisuda); Form Tambah/Edit Agenda; Filter Satuan Pendidikan.","kurikulum, admin_akademik, guru, super_admin"
60,Akademik (Sekolah & KBM),Riwayat & Impor Data,/akademik/riwayat-data,Arsip & Migrasi Akademik,RiwayatAkademik.jsx,"Log Impor Massal Data Siswa, Nilai, Rombel; Validasi Kesalahan Format Data Excel; Riwayat Arsip Siswa Lulus (Alumni); Backup Data Akademik Tahunan.","admin_akademik, super_admin"
61,Keuangan (Finance & Akuntansi),Dashboard,/keuangan/dashboard,Utama,Dashboard.jsx,"Executive Financial Dashboard: Total Pendapatan Bulan Ini, Total Pengeluaran, Saldo Kas & Bank Terkonsolidasi, Rasio Penagihan SPP (Collection Rate), Total Tunggakan Tagihan Siswa, Grafik Arus Kas (Cash Flow), Notifikasi Transaksi Memerlukan Verifikasi.","keuangan, bendahara, pimpinan_yayasan, super_admin"
62,Keuangan (Finance & Akuntansi),Data Master & COA,/keuangan/master-data,Tab: Bagan Akun Standar (COA),MasterData.jsx,"Daftar Bagan Akun Perkiraan (Chart of Accounts): Aset Lancar, Kas/Bank, Piutang, Aset Tetap, Kewajiban, Ekuitas, Pendapatan Pendidikan, Pendapatan Lain, Biaya Operasional, Biaya Gaji; Form Tambah/Edit Akun COA; Leveling Akun Induk & Sub-Akun.","keuangan, akuntan, super_admin"
63,Keuangan (Finance & Akuntansi),Data Master & COA,/keuangan/master-data,Tab: Pos Pembayaran Biaya (POS),MasterData.jsx,"Master Jenis Tagihan/Biaya (SPP Bulanan, Uang Pangkal/Gedung, Uang Seragam, Buku & Modul, Kegiatan Tahunan, Uang Makan Dapur, Ujian); Setting Hubungan ke Akun COA Pendapatan & Kas.","keuangan, super_admin"
64,Keuangan (Finance & Akuntansi),Data Master & COA,/keuangan/master-data,Tab: Master Rekening Bank Yayasan,MasterData.jsx,"Daftar Rekening Penampung (BSI, Mandiri, BRI, BCA, Kas Tunai Bendahara); No Rekening, Atas Nama, Cabang, Status Aktif.","keuangan, super_admin"
65,Keuangan (Finance & Akuntansi),Pengelolaan Gabungan,/keuangan/unit-consolidation,Konsolidasi Antar Unit,UnitConsolidation.jsx,"Matriks Keuangan Terkonsolidasi (SD, SMP, SMA, Pondok, Yayasan Pusat); Laporan Transfer Kas Antar Unit; Perhitungan Biaya Bersama & Bagi Hasil Yayasan; Filter Gabungan vs Satuan Mandiri.","pimpinan_yayasan, bendahara_yayasan, super_admin"
66,Keuangan (Finance & Akuntansi),Rencana Anggaran (RAPBS),/keuangan/budget,Rencana Anggaran Tahunan,BudgetPlans.jsx,Daftar Rencana Anggaran Pendapatan & Belanja Sekolah (RAPBS); Input Anggaran per Mata Anggaran / Pos Belanja; Realisasi vs Anggaran (Variance %); Status Pengajuan & Approval Anggaran Yayasan; Cetak RAPBS PDF.,"keuangan, kepala_sekolah, pimpinan_yayasan, super_admin"
67,Keuangan (Finance & Akuntansi),Pos Alokasi Dana,/keuangan/fund-balances,Alokasi Saldo Dana Khusus,FundBalances.jsx,"Manajemen Pos Dana Khusus (Dana Zakat/Infaq, Dana Wakaf Pembangunan, Dana BOS, Dana Beasiswa Santri Yatim/Dhuafa); Mutasi Masuk & Keluar per Pos Dana; Saldo Terkunci per Tujuan Khusus.","keuangan, bendahara, super_admin"
68,Keuangan (Finance & Akuntansi),Skema Biaya Pendidikan,/keuangan/fee-schemes,Master Skema Tarif Biaya,FeeSchemes.jsx,"Pembuatan Paket Tarif Biaya (e.g. Skema Reguler, Skema Beasiswa Prestasi 50%, Skema Santri Yatim 100%, Skema Pegawai/Anak Guru); Aturan Nominal SPP, Uang Masuk, Daftar Ulang per Jenjang & Tahun Masuk.","keuangan, super_admin"
69,Keuangan (Finance & Akuntansi),Penetapan Biaya Siswa,/keuangan/fee-assignments,Plotting Biaya ke Siswa,StudentFeeAssignments.jsx,Penetapan Skema Biaya ke Masing-Masing Siswa (Individu / Massal per Rombel); Penyesuaian Diskon / Potongan Khusus Saudara Kandung; Generate Tagihan Bulanan Otomatis untuk Seluruh Siswa Aktif.,"keuangan, super_admin"
70,Keuangan (Finance & Akuntansi),Tagihan Siswa,/keuangan/bills,Tab: Daftar Tagihan & Status,StudentBills.jsx,"Tabel Master Tagihan Siswa; Filter Satuan Pendidikan, Rombel, Bulan/Tahun, Jenis Biaya, Status (Lunas, Sebagian/Cicilan, Belum Bayar, Lewat Jatuh Tempo); Detail Tagihan; Generate Ulang Tagihan; Tombol Kirim Tagihan WhatsApp ke Wali Santri; Export Rekap Tagihan.","keuangan, kasir, super_admin"
71,Keuangan (Finance & Akuntansi),Tagihan Siswa,/keuangan/bills,Tab: Generator Tagihan Massal,StudentBills.jsx,"Wizard Pembuatan Tagihan Massal Bulanan (Pilih Bulan Tagihan, Jatuh Tempo, Satuan Pendidikan, Jenis Tagihan SPP/Catering/Asrama); Preview Total Siswa & Nilai Tagihan; Eksekusi Batch Billing.","keuangan, super_admin"
72,Keuangan (Finance & Akuntansi),Pendaftaran PPDB,/keuangan/ppdb-billing,Biaya Formulir & Uang Pangkal,RegistrationBilling.jsx,Monitoring Pembayaran Biaya Pendaftaran Formulir Calon Murid; Verifikasi Pembayaran Uang Pangkal & Daftar Ulang; Integrasi Sinkronisasi Status Lunas ke Modul PPDB; Cetak Kuitansi PPDB Resmi.,"keuangan, panitia_ppdb, kasir"
73,Keuangan (Finance & Akuntansi),Penerimaan Kas,/keuangan/payments,Tab: Kas Masuk & Pembayaran SPP,Payments.jsx,Form Input Pembayaran Kasir Cepat (Cari Siswa/NISN -> Tampil Daftar Tagihan Belum Lunas -> Checklist Tagihan yang Dibayar -> Pilih Metode Bayar Tunai/Transfer/EDC/QRIS -> Simpan & Cetak Kuitansi); Riwayat Pembayaran Hari Ini; Void Pembayaran dengan Alasan.,"kasir, keuangan, super_admin"
74,Keuangan (Finance & Akuntansi),Penerimaan Kas,/keuangan/payments,Tab: Pendapatan Lain-Lain,Payments.jsx,"Pencatatan Penerimaan Non-Siswa (Sewa Gedung/Lapangan, Donasi/Infaq Yayasan, Bunga Bank, Penjualan Atribut/Buku Kas); Akun COA Lawan Pendapatan.","keuangan, bendahara"
75,Keuangan (Finance & Akuntansi),Pengeluaran & Belanja,/keuangan/expenses,Tab: Voucher Kas Keluar,Expenses.jsx,"Daftar Pengeluaran Kas/Bank; Form Tambah Pengeluaran Baru (Tanggal, Kategori Biaya, Akun Kas/Bank Sumber, Penerima Pembayaran, Jumlah Nominal, Keterangan, Upload Bukti Nota/Kwitansi); Status Approval Belanja; Void Pengeluaran.","keuangan, bendahara, super_admin"
76,Keuangan (Finance & Akuntansi),Pengeluaran & Belanja,/keuangan/expenses,Tab: Pembayaran Gaji (Disbursement),Expenses.jsx,Pencairan Penggajian Terintegrasi Modul Kepegawaian; Pembuatan Bukti Kas Keluar Payroll; Distribusi Otomatis ke Rekening Bank Pegawai.,"keuangan, bendahara"
77,Keuangan (Finance & Akuntansi),Kantin & Dompet Digital,/keuangan/canteen,Rekonsiliasi Keuangan Kantin,CanteenIntegration.jsx,Rekap Total Saldo Mengendap Dompet Digital Santri; Rekap Pembayaran Hak Bagi Hasil Vendor Kantin; Transfer Settlement Dana Kantin ke Kas Yayasan; Audit Transaksi Top-Up vs Saldo Kas Fisik.,"keuangan, pengelola_kantin"
78,Keuangan (Finance & Akuntansi),Kartu Bayar Siswa,/keuangan/student-ledger,Buku Pembantu Piutang Siswa,StudentPaymentCard.jsx,Pencarian Siswa; Tampilan Buku Besar Pembayaran Individu (Seluruh Tagihan vs Pembayaran Kronologis); Saldo Tunggakan; Tombol Cetak Kartu Pembayaran / Buku SPP Digital PDF; Kirim Laporan Mutasi ke WhatsApp Orang Tua.,"keuangan, kasir, wali_kelas, super_admin"
79,Keuangan (Finance & Akuntansi),Rekening Koran (Bank),/keuangan/bank-statements,Tab: Impor Mutasi Bank,BankStatements.jsx,"Upload File Rekening Koran (CSV / MT940 / Excel Mutasi Bank Mandiri, BSI, BCA, BRI); Parsing Otomatis Baris Debit & Kredit; Deteksi Transaksi Duplikat.","keuangan, akuntan"
80,Keuangan (Finance & Akuntansi),Rekening Koran (Bank),/keuangan/bank-statements,Tab: Auto-Matching & Rekonsiliasi,BankStatements.jsx,"Algoritma Pencocokan Otomatis Transaksi Bank dengan Tagihan Siswa / Penerimaan Berdasarkan Nominal Unik, Berita Transfer, atau Nomor Virtual Account; Tombol Konfirmasi Match; Manual Pairing Transaksi Belum Teridentifikasi.","keuangan, akuntan"
81,Keuangan (Finance & Akuntansi),Akuntansi & Buku Besar,/keuangan/bookkeeping,Tab: Jurnal Umum (General Journal),Bookkeeping.jsx,"Daftar Jurnal Otomatis dari Transaksi Kas & Jurnal Manual Penyesuaian; Form Input Jurnal Manual (No Bukti, Tanggal, Multi Baris Debit/Kredit Seimbang); Void Jurnal dengan Audit Log.","akuntan, keuangan, super_admin"
82,Keuangan (Finance & Akuntansi),Akuntansi & Buku Besar,/keuangan/bookkeeping,Tab: Buku Besar (General Ledger),Bookkeeping.jsx,Filter Akun COA & Periode Tanggal; Mutasi Debit/Kredit Kronologis; Saldo Awal & Saldo Akhir Berjalan; Cetak Buku Besar PDF/Excel.,"akuntan, keuangan"
83,Keuangan (Finance & Akuntansi),Akuntansi & Buku Besar,/keuangan/bookkeeping,Tab: Neraca Saldo (Trial Balance),Bookkeeping.jsx,Tabel Neraca Percobaan; Total Saldo Debit vs Kredit Seluruh Akun Aktif; Pengecekan Keseimbangan (Balance Check).,"akuntan, keuangan"
84,Keuangan (Finance & Akuntansi),Laporan Keuangan,/keuangan/reports,Tab: Laporan Laba Rugi / Aktivitas,Reports.jsx,Laporan Pendapatan vs Beban Operasional; Surplus/Defisit Periode Berjalan; Filter Perbandingan Antar Bulan/Tahun; Export Excel & PDF Resmi Yayasan.,"keuangan, pimpinan_yayasan, akuntan"
85,Keuangan (Finance & Akuntansi),Laporan Keuangan,/keuangan/reports,Tab: Laporan Neraca (Posisi Keuangan),Reports.jsx,"Laporan Aset (Lancar & Tetap), Kewajiban/Hutang, dan Aset Neto / Ekuitas Yayasan per Tanggal Tertentu.","keuangan, pimpinan_yayasan, akuntan"
86,Keuangan (Finance & Akuntansi),Laporan Keuangan,/keuangan/reports,Tab: Laporan Arus Kas (Cash Flow),Reports.jsx,"Arus Kas dari Aktivitas Operasional, Aktivitas Investasi (Sarpras), dan Aktivitas Pendanaan; Kenaikan/Penurunan Bersih Kas.","keuangan, pimpinan_yayasan, akuntan"
87,Keuangan (Finance & Akuntansi),Laporan Keuangan,/keuangan/reports,Tab: Rekap Penerimaan Kasir & Tunggakan,Reports.jsx,"Laporan Penutupan Kas Harian Kasir (Daily Cashier Closeout); Rekap Aging Piutang SPP (Tunggakan 1-3 Bulan, >3 Bulan, >6 Bulan) per Kelas & Siswa.","keuangan, kasir, super_admin"
88,Al-Qur'an & Tahfidz,Dashboard,/alquran/dashboard,Utama,Dashboard.jsx,"Statistik Tahfidz: Total Santri Tahfidz, Rata-rata Hafalan Juz, Rekap Setoran Hari Ini, Distribusi Kelompok Halaqah/Ustadz Pembimbing, Grafik Kemajuan Target Juz per Angkatan, Notifikasi Santri Siap Munaqasyah.","musyrif, koordinator_tahfidz, super_admin"
89,Al-Qur'an & Tahfidz,Target Hafalan,/alquran/targets,Target Kurikulum Tahfidz,TargetHafalan.jsx,"Master Target Hafalan per Tingkat Kelas / Program (Target Juz 30, Target Juz 1-5, Target 30 Juz Mutqin); Alokasi Waktu Semester; Form Tambah/Edit Standar Target; Mapping Santri ke Program Khusus (Reguler / Takhassus).","koordinator_tahfidz, musyrif, super_admin"
90,Al-Qur'an & Tahfidz,Capaian & Setoran,/alquran/records,Tab: Input Setoran Ziyadah & Muraja'ah,CapaianHafalan.jsx,Form Input Setoran Harian (Pilih Santri -> Jenis Setoran Ziyadah/Muraja'ah -> Surah & Ayat Awal-Akhir -> Nilai Kelancaran/Tajwid/Makharijul Huruf -> Catatan Ustadz); Log Setoran Kronologis; Filter Halaqah & Tanggal; Tombol Kirim Progress ke WhatsApp Wali Santri.,"musyrif, ustadz_tahfidz, super_admin"
91,Al-Qur'an & Tahfidz,Capaian & Setoran,/alquran/records,Tab: Buku Mutaba'ah Santri,CapaianHafalan.jsx,"Kartu Capaian Hafalan Individu Siswa (Status Warna Juz 1-30: Belum Hafal, Proses Ziyadah, Sudah Ziyadah, Sudah Muraja'ah, Lulus Munaqasyah); Total Halaman & Baris Dihafal; Cetak Buku Mutaba'ah PDF.","musyrif, wali_kelas, wali_santri"
92,Al-Qur'an & Tahfidz,Ujian Munaqasyah,/alquran/exams,Tab: Pendaftaran & Jadwal Ujian,UjianMunaqasyah.jsx,Daftar Pengajuan Santri untuk Ujian Munaqasyah (Ujian Juz Sekali Duduk); Verifikasi Syarat Kelayakan Hafalan; Plotting Penguji / Ustadz Ahli & Jadwal Pelaksanaan; Status Pendaftaran.,"koordinator_tahfidz, penguji"
93,Al-Qur'an & Tahfidz,Ujian Munaqasyah,/alquran/exams,Tab: Lembar Penilaian & Sertifikat,UjianMunaqasyah.jsx,"Form Input Skor Ujian (Kelancaran Fashahah, Tajwid, Makhorijul Huruf, Adab); Keputusan Kelulusan (Mumtaz, Jayyid Jiddan, Jayyid, Maqbul, Mengulang); Tombol Generate & Cetak Syahadah / Sertifikat Tahfidz Resmi Berbarcode.","penguji, koordinator_tahfidz, super_admin"
94,Al-Qur'an & Tahfidz,Kitab Kuning,/alquran/books,Kajian Turats & Kitab Diniyah,KitabKuning.jsx,"Manajemen Pembelajaran Kitab Kuning (Aqidah, Fiqih Safinah/Fathul Qorib, Hadits Arbain, Nahwu Shorof Jurumiyah, Akhlaq Lil Banin); Pencatatan Bab/Pasal yang Sudah Dikaji; Penilaian Ujian Baca Kitab (Makna Gandul & Pemahaman).","ustadz_kitab, koordinator_tahfidz"
95,Al-Qur'an & Tahfidz,Laporan Capaian,/alquran/reports,Rekapitulasi & Raport Tahfidz,LaporanHafalan.jsx,Laporan Capaian Tahfidz Semesteran; Peringkat Santri Terbanyak Hafalan; Rapor Khusus Tahfidz & Kitab Kuning; Export Rekap Excel & Cetak PDF Masal.,"koordinator_tahfidz, kepala_sekolah, super_admin"
96,Kantin & Dompet Digital,Dashboard,/kantin/dashboard,Utama,Dashboard.jsx,"Statistik Operasional Kantin: Omset Penjualan Hari Ini, Jumlah Transaksi POS, Total Top Up Santri Hari Ini, Produk Terlaris, Saldo Piutang Kantin, Saldo Hutang Hak Vendor, Status Buka/Tutup Kasir.","pengelola_kantin, super_admin"
97,Kantin & Dompet Digital,Kasir POS (Penjualan),/kantin/pos,Point of Sale Cepat,TransaksiPenjualan.jsx,"Layar POS Sentuh / Barcode: Scan Kartu Santri (RFID / Barcode / NIS); Tampil Nama Santri, Foto, Sisa Saldo Dompet, Sisa Limit Jajan Hari Ini; Grid Katalog Produk per Kategori dengan Gambar & Stok; Tambah Item ke Keranjang; Diskon; Pilihan Metode Bayar (Dompet Santri / Tunai / QRIS); Validasi Limit Otomatis; Cetak Struk Belanja Kasir Thermal 58/80mm; Fitur Void Item/Transaksi.","kasir_kantin, pengelola_kantin"
98,Kantin & Dompet Digital,Top Up & Tarik Tunai,/kantin/wallet,Tab: Top Up Saldo Santri,TopUpTarikTunai.jsx,Cari Santri -> Input Nominal Top Up -> Pilih Pembayaran Tunai/Transfer Bank -> Simpan -> Saldo Bertambah Real-Time -> Cetak Struk Top Up; Riwayat Top Up Harian; Void Top Up.,"kasir_kantin, pengelola_kantin, keuangan"
99,Kantin & Dompet Digital,Top Up & Tarik Tunai,/kantin/wallet,Tab: Penarikan Tunai (Withdrawal),TopUpTarikTunai.jsx,Penarikan Sisa Saldo Santri (misal saat liburan / lulus); Verifikasi PIN/Persetujuan Wali; Cetak Bukti Tarik Tunai.,"kasir_kantin, pengelola_kantin"
100,Kantin & Dompet Digital,Akun Kasir POS,/kantin/cashiers,Manajemen Kasir & Shift,PengelolaanKasir.jsx,"Daftar Akun Kasir Aktif; Buka/Tutup Shift Kasir (Input Modal Awal Kas Laci, Hitung Kas Akhir Fisik, Hitung Selisih/Variance Kas); Cetak Laporan Shift Kasir.","pengelola_kantin, super_admin"
101,Kantin & Dompet Digital,Data Santri Kantin,/kantin/students,Akun Dompet Santri,DataSiswaKantin.jsx,Daftar Seluruh Santri dengan Saldo Dompet Digital; Status Blokir Akun (e.g. Kartu Hilang); Riwayat Transaksi Jajan & Top Up Lengkap per Santri (Ledger Mutasi); Export Saldo Santri Excel.,"pengelola_kantin, kasir_kantin"
102,Kantin & Dompet Digital,Limit Jajan Harian,/kantin/limits,Konfigurasi Plafon Jajan,LimitJajan.jsx,Pengaturan Batas Maksimal Jajan Santri per Hari / per Sesi (e.g. Rp 20.000/hari); Fitur Pengaturan Khusus atas Permintaan Wali Santri; Penguncian Otomatis POS jika Melebihi Plafon.,"pengelola_kantin, wali_santri, super_admin"
103,Kantin & Dompet Digital,Vendor / Supplier,/kantin/vendors,Master Mitra Vendor,Vendor.jsx,"Daftar Vendor Penitip Makanan & Supplier Bahan (Nama Usaha, Kontak, Alamat, Nomor Rekening Bank, Persentase Bagi Hasil % Kantin vs Vendor); Tambah/Edit Vendor; Status Kemitraan.","pengelola_kantin, super_admin"
104,Kantin & Dompet Digital,Kategori Produk,/kantin/categories,Kategori Barang,KategoriProduk.jsx,"Master Kategori (Makanan Berat, Snack/Kue Basah, Minuman Dingin, ATK/Perlengkapan Santri, Makanan Sehat); Icon & Warna Label.",pengelola_kantin
105,Kantin & Dompet Digital,Daftar Produk,/kantin/products,Katalog Produk & Stok,ProdukVendor.jsx,"Tabel Master Produk; Barcode/SKU, Nama Produk, Kategori, Vendor Pemilik, Harga Beli/Titip, Harga Jual Santri, Margin Keuntungan, Stok Saat Ini, Minimum Stok Pengingat; Upload Foto Produk; Cetak Barcode Label Produk.","pengelola_kantin, kasir_kantin"
106,Kantin & Dompet Digital,Penerimaan Barang,/kantin/goods-receipts,Penerimaan Titipan Vendor,PenerimaanBarang.jsx,Form Input Penerimaan Barang Harian dari Vendor (Pilih Vendor -> Daftar Produk Dititipkan -> Jumlah Qty Masuk); Update Stok Otomatis; Cetak Bukti Tanda Terima Barang.,"pengelola_kantin, staf_kantin"
107,Kantin & Dompet Digital,Retur Barang,/kantin/product-returns,Retur Makanan Tak Terjual,ReturBarang.jsx,"Pencatatan Retur Barang Sisa Sore Hari ke Vendor (Qty Awal, Qty Terjual, Qty Retur/Basi); Perhitungan Otomatis Kewajiban Bayar ke Vendor Harian.","pengelola_kantin, kasir_kantin"
108,Kantin & Dompet Digital,Piutang Hak Kantin,/kantin/receivables-canteen,Pendapatan Komisi Bagi Hasil,PiutangHakKantin.jsx,Rekapitulasi Bagian Keuntungan / Fee Kantin dari Seluruh Penjualan Produk Vendor; Klaim Pendapatan Bersih Kantin.,"pengelola_kantin, keuangan"
109,Kantin & Dompet Digital,Hak Vendor & Pembayaran,/kantin/receivables-vendor,Pelunasan ke Mitra Vendor,HakVendor.jsx,Daftar Tagihan Hutang ke Vendor (Total Produk Laku x Harga Beli); Form Pembayaran / Settlement ke Vendor (Transfer Bank / Tunai); Upload Bukti Transfer; Cetak Rekap Settlement Vendor.,"pengelola_kantin, keuangan"
110,Kantin & Dompet Digital,Kas & Operasional Kantin,/kantin/expenses,Beban Operasional Kantin,PengeluaranOperasional.jsx,"Pencatatan Biaya Operasional Kantin (Gas Elpiji, Plastik/Kemasan, Kebersihan, Es Batu, Listrik Kantin); Voucher Kas Keluar Kantin.","pengelola_kantin, keuangan"
111,Kantin & Dompet Digital,Siklus & Laporan Akuntansi,/kantin/akuntansi,Buku Besar & Jurnal Kantin,AkuntansiKantin.jsx,Jurnal Akuntansi Otomatis Unit Bisnis Kantin; Neraca Saldo Kantin; Laporan Laba Rugi Bersih Usaha Kantin Sekolah.,"pengelola_kantin, akuntan, keuangan"
112,Kantin & Dompet Digital,Laporan Komprehensif,/kantin/reports,Rekapitulasi & Analitik Penjualan,LaporanKantin.jsx,Laporan Penjualan Harian/Bulanan; Analisis Jam Sibuk Transaksi; Laporan Mutasi Stok Barang; Export Seluruh Laporan ke Excel & PDF.,"pengelola_kantin, super_admin, pimpinan_yayasan"
113,Sarpras (Aset & Logistik),Dashboard,/sarpras/dashboard,Utama,Dashboard.jsx,"Statistik Sarpras: Total Nilai Aset Tetap Yayasan, Jumlah Aset Baik vs Rusak Ringan/Berat, Peminjaman Ruangan Berlangsung, Tiket Perbaikan/Maintenance Aktif, Peringatan Stok Bahan Habis Pakai Menipis.","sarpras, super_admin"
114,Sarpras (Aset & Logistik),Lokasi & Denah,/sarpras/locations,Tab: Gedung & Lantai,LokasiFisik.jsx,"Master Gedung (e.g. Gedung Asrama Putra, Gedung Sekolah Putri, Masjid, Lapangan, Gedung Serba Guna); Kode Gedung, Jumlah Lantai, Denah Lokasi.","sarpras, super_admin"
115,Sarpras (Aset & Logistik),Lokasi & Denah,/sarpras/locations,Tab: Ruangan & Area,LokasiFisik.jsx,"Master Ruangan Fisik (Kelas 7A, Lab Komputer, Kamar Asrama 101, Ruang Guru); Penanggung Jawab Ruangan; Luas Ruangan & Kapasitas.","sarpras, super_admin"
116,Sarpras (Aset & Logistik),Inventaris Aset,/sarpras/assets,Master Aset Tetap & Inventaris,InventarisAset.jsx,"Daftar Aset Fisik (Kode Barcode/QR Aset, Nama Aset, Kategori Elektronik/Mebel/Kendaraan, Lokasi Ruangan, Tanggal Perolehan, Nilai Harga Beli, Umur Ekonomis, Metode Penyusutan Garis Lurus, Status Kondisi Baik/Rusak); Form Tambah/Edit Aset; Cetak Label Stiker QR Code Aset; Scan QR Aset; Mutasi Pindah Ruangan.","sarpras, super_admin"
117,Sarpras (Aset & Logistik),Peminjaman Fasilitas,/sarpras/bookings,Tab: Pengajuan Peminjaman,PeminjamanFasilitas.jsx,"Daftar Booking Ruang/Fasilitas (Aula, Proyektor, Bus Sekolah, Tenda, Sound System); Form Peminjaman (Peminjam, Unit/Organisasi, Waktu Mulai-Selesai, Keperluan Kegiatan); Cek Jadwal Ketersediaan; Approval Peminjaman.","sarpras, guru, staf, super_admin"
118,Sarpras (Aset & Logistik),Peminjaman Fasilitas,/sarpras/bookings,Tab: Pengembalian & Kondisi,PeminjamanFasilitas.jsx,Verifikasi Pengembalian Barang/Ruangan; Form Cek Kondisi Pasca Pakai; Catatan Kerusakan / Denda.,"sarpras, super_admin"
119,Sarpras (Aset & Logistik),Pemeliharaan & Servis,/sarpras/maintenance,Work Order Perbaikan & Servis,Pemeliharaan.jsx,"Daftar Tiket Aduan Kerusakan Sarpras (Pelapor, Lokasi, Deskripsi Kerusakan, Foto Bukti); Penetapan Teknisi/Tukang; Estimasi Biaya & Pembelian Suku Cadang; Status Pekerjaan (Menunggu, Dalam Pengerjaan, Selesai, Ditolak); Riwayat Servis Aset.","sarpras, teknisi, pelapor_guru, super_admin"
120,Sarpras (Aset & Logistik),Pengadaan & Vendor,/sarpras/procurement,Tab: Usulan Pengadaan (RAB),Pengadaan.jsx,"Form Usulan Pembelian Aset/Barang Baru dari Unit Sekolah; Rincian Spesifikasi, Jumlah Qty, Estimasi Harga; Alur Approval Pimpinan Yayasan.","sarpras, pimpinan_yayasan, keuangan"
121,Sarpras (Aset & Logistik),Pengadaan & Vendor,/sarpras/procurement,Tab: Purchase Order & Penerimaan,Pengadaan.jsx,Penerbitan PO ke Vendor/Supplier Rekanan; Pencatatan Penerimaan Barang Datang; Generate Otomatis ke Master Inventaris Aset.,"sarpras, keuangan"
122,Sarpras (Aset & Logistik),Bahan Habis Pakai,/sarpras/consumables,Tab: Stok BHP & ATK,BahanHabisPakai.jsx,"Master Barang Habis Pakai (Spidol, Kertas HVS, Tinta Printer, Sabun, Lampu, Sapu, Kabel); Stok Masuk, Stok Keluar, Saldo Minimum Alert.","sarpras, staf_logistik"
123,Sarpras (Aset & Logistik),Bahan Habis Pakai,/sarpras/consumables,Tab: Permintaan Barang (Bon Keluar),BahanHabisPakai.jsx,Form Permintaan Pengambilan ATK/BHP oleh Guru/Unit; Approval Logistik; Kartu Stok Penggunaan Barang per Unit.,"sarpras, guru, staf"
124,Sarpras (Aset & Logistik),Laporan & Penyusutan,/sarpras/reports,Tab: Laporan Buku Inventaris KIB,Laporan.jsx,"Laporan Kartu Inventaris Barang (KIB A Tanah, KIB B Gedung/Bangunan, KIB C Peralatan & Mesin, KIB D Aset Lain); Format Standar Kemdikbud & Yayasan.","sarpras, super_admin, pimpinan_yayasan"
125,Sarpras (Aset & Logistik),Laporan & Penyusutan,/sarpras/reports,Tab: Jadwal Penyusutan / Depresiasi,Laporan.jsx,Tabel Perhitungan Akumulasi Penyusutan dan Nilai Buku Sisa Aset Tetap Tahunan; Sinkronisasi Otomatis ke Laporan Neraca Keuangan.,"sarpras, akuntan, keuangan"
126,Dapur & Gizi Santri,Dashboard,/dapur/dashboard,Utama,Dashboard.jsx,"Statistik Dapur: Menu Masak Hari Ini (Pagi, Siang, Malam), Jumlah Porsi Santri & Pengasuh yang Dilayani, Anggaran Belanja Dapur Bulan Ini, Status Belanja Pasar Hari Ini, Peringatan Stok Bahan Pokok (Beras, Minyak, Telur) Menipis.","kepala_dapur, staf_gizi, super_admin"
127,Dapur & Gizi Santri,Master Data,/dapur/master-data,Tab: Master Bahan Baku & Bumbu,MasterData.jsx,"Daftar Bahan Makanan (Sayur, Daging, Ikan, Bumbu, Sembako); Satuan Qty (Kg, Gram, Ikat, Liter, Butir); Kategori Basah/Kering; Estimasi Harga Pasar Standar.","kepala_dapur, staf_gizi"
128,Dapur & Gizi Santri,Master Data,/dapur/master-data,Tab: Standar Gizi & Kebutuhan Santri,MasterData.jsx,"Standar Angka Kecukupan Gizi (AKG) Santri (Kalori, Protein, Karbohidrat, Lemak, Vitamin); Kategori Usia Santri.","ahli_gizi, kepala_dapur"
129,Dapur & Gizi Santri,Perencanaan Menu,/dapur/menus,Siklus Menu Makanan,MasterData.jsx,"Jadwal Siklus Menu Masak (Siklus 10 Hari / Bulanan); Penjadwalan Menu Pagi, Siang, Malam; Variasi Lauk Utama, Sayur, Buah, Snack Santri; Form Buat Menu Baru.","kepala_dapur, ahli_gizi"
130,Dapur & Gizi Santri,Resep & SOP Masak,/dapur/recipes,Buku Resep & Komposisi,MasterData.jsx,"Daftar Standar Resep Masakan (e.g. Rendang Daging, Sayur Asem, Ayam Goreng Lengkuas); Rincian Takaran Bahan per 100 Porsi; Langkah-langkah SOP Memasak; Informasi Kandungan Gizi.","koki_dapur, ahli_gizi"
131,Dapur & Gizi Santri,Kebutuhan & Porsi,/dapur/planning,Kalkulator Kebutuhan Bahan,MasterData.jsx,"Kalkulasi Otomatis: Input Jumlah Santri Hadir Hari Ini -> Sistem Menghitung Total Berat Beras, Daging, Sayur, dan Bumbu yang Harus Dimasak Berdasarkan Resep Terpilih; Export Daftar Kebutuhan Belanja.","kepala_dapur, staf_logistik"
132,Dapur & Gizi Santri,Anggaran Dapur,/dapur/budgets,Perencanaan Biaya Konsumsi,MasterData.jsx,Alokasi Anggaran Belanja Makan Santri (Cost per Meal / Biaya Makan per Santri per Hari); Monitoring Realisasi Biaya Dapur vs Plafon Biaya SPP Catering.,"kepala_dapur, keuangan"
133,Dapur & Gizi Santri,Pengadaan & Belanja,/dapur/procurement,Daftar Belanja Pasar & Supplier,MasterData.jsx,Pembuatan List Belanja Harian/Mingguan; PO ke Supplier Sayur/Daging Langganan; Catatan Kas Bon Belanja Pasar; Upload Nota Belanja.,"staf_belanja_dapur, keuangan"
134,Dapur & Gizi Santri,Penerimaan Bahan,/dapur/receipts,Quality Check & Timbangan Masuk,MasterData.jsx,"Pemeriksaan Bahan Datang (Timbang Berat Riil, Cek Kesegaran Sayur/Daging, Cek Expired Date); Form Terima Barang Masuk; Catatan Selisih Timbangan / Reject Barang Rusak.","kepala_dapur, QC_gizi"
135,Dapur & Gizi Santri,Gudang & Stok,/dapur/inventory,Gudang Bahan Kering & Dingin,MasterData.jsx,"Kartu Stok Gudang Dapur (Sembako, Bumbu Kering, Freezer Daging/Ayam); FIFO (First In First Out); Stok Opname Dapur Mingguan; Laporan Sisa Bahan (Waste Management).","kepala_dapur, staf_gudang"
136,Perpustakaan (Library & OPAC),Dashboard,/perpustakaan/dashboard,Utama,Dashboard.jsx,"Statistik Perpustakaan: Total Judul & Eksemplar Buku, Jumlah Peminjaman Aktif, Buku Terlambat/Jatuh Tempo Hari Ini, Buku Paling Sering Dipinjam, Kunjungan Pengunjung Harian, Rekap Denda Terkumpul.","pustakawan, super_admin"
137,Perpustakaan (Library & OPAC),OPAC Pencarian,/perpustakaan/opac,Katalog Publik Online (OPAC),Opac.jsx,"Pencarian Cepat Buku (Judul, Pengarang, Penerbit, Subjek, No. Panggil DDC); Filter Kategori & Ketersediaan Stok Eksemplar; Detail Buku (Sinopsis, Lokasi Rak Buku, Cover); Form Reservasi/Booking Buku bagi Santri/Guru.","semua_pengguna, publik, santri, guru"
138,Perpustakaan (Library & OPAC),Katalog Buku & Pustaka,/perpustakaan/books,Tab: Master Bibliografi Buku,Katalog.jsx,"Tabel Koleksi Buku; Form Tambah/Edit Buku (ISBN, Judul, Pengarang, Penerbit, Tahun Terbit, Kota, Bahasa, Edisi, Nomor Klasifikasi DDC, Sinopsis, Cover Gambar); Import Data Buku Excel; Cetak Barcode Buku & Label Punggung Rak.","pustakawan, super_admin"
139,Perpustakaan (Library & OPAC),Katalog Buku & Pustaka,/perpustakaan/books,Tab: Nomor Induk Eksemplar (Item Copies),Katalog.jsx,"Manajemen Nomor Barcode Satuan Eksemplar per Buku; Lokasi Rak & Baris Lemari; Status Ketersediaan (Tersedia, Dipinjam, Rusak, Hilang, Dalam Perbaikan).",pustakawan
140,Perpustakaan (Library & OPAC),Kategori Koleksi,/perpustakaan/categories,Klasifikasi DDC & Topik,Katalog.jsx,"Master Klasifikasi Dewey Decimal Classification (000 Karya Umum s/d 900 Sejarah/Geografi), Kategori Khusus Kepesantrenan/Agama Islam (2X0), Fiksi, Ensiklopedia.",pustakawan
141,Perpustakaan (Library & OPAC),Data Anggota,/perpustakaan/members,Keanggotaan Perpustakaan,Anggota.jsx,"Daftar Anggota (Santri, Guru, Staf); Nomor Kartu Anggota Perpustakaan; Status Keaktifan; Kuota Maksimal Peminjaman; Cetak Kartu Anggota Barcode.","pustakawan, super_admin"
142,Perpustakaan (Library & OPAC),Peminjaman & Kembali,/perpustakaan/loans,Tab: Transaksi Sirkulasi Cepat,Sirkulasi.jsx,Scan Barcode Anggota -> Scan Barcode Buku -> Set Tanggal Jatuh Tempo -> Simpan Peminjaman -> Cetak Struk Bukti Pinjam; Pengembalian Buku Cepat (Scan Barcode Buku -> Otomatis Terdata Kembali -> Hitung Hari Keterlambatan & Nominal Denda jika Ada); Pelunasan Denda.,pustakawan
143,Perpustakaan (Library & OPAC),Peminjaman & Kembali,/perpustakaan/loans,Tab: Perpanjangan Pinjaman,Sirkulasi.jsx,Pembaruan masa pinjam buku (Perpanjang 7 hari); Maksimal 1x perpanjangan jika tidak ada reservasi dari peminjam lain.,pustakawan
144,Perpustakaan (Library & OPAC),Reservasi Buku,/perpustakaan/reservations,Antrian Booking Buku,Reservasi.jsx,Daftar Booking Buku yang Sedang Dipinjam; Notifikasi Otomatis saat Buku Telah Dikembalikan ke Perpustakaan; Batas Waktu Pengambilan Buku di Meja Sirkulasi.,"pustakawan, peminjam"
145,Perpustakaan (Library & OPAC),Buku Hilang & Rusak,/perpustakaan/lost-damaged,Pelaporan Kasus & Penggantian,Katalog.jsx,Pencatatan Buku Hilang/Rusak oleh Peminjam; Form Penggantian Buku (Ganti Buku Fisik yang Sama / Ganti Uang Senilai Buku + Denda Administrasi); Status Penghapusan Koleksi (Weeding).,"pustakawan, keuangan"
146,Perpustakaan (Library & OPAC),Pengingat Jatuh Tempo,/perpustakaan/reminders,Notifikasi Keterlambatan,Sirkulasi.jsx,Daftar Peminjaman Mendekati Jatuh Tempo (H-1) & Telah Lewat Jatuh Tempo; Tombol Kirim Pesan Pengingat Otomatis via WhatsApp ke Anggota/Wali.,pustakawan
147,Perpustakaan (Library & OPAC),Laporan & Statistik,/perpustakaan/reports,Statistik Peminjaman & Koleksi,Katalog.jsx,Laporan Sirkulasi Bulanan/Tahunan; Statistik Minat Baca Santri per Kelas; Rekapitulasi Denda; Export Laporan Perpustakaan ke Excel & PDF.,"pustakawan, kepala_sekolah, super_admin"
148,Manajemen (Eksekutif & Mutu),Executive Dashboard,/manajemen/dashboard,Utama,Dashboard.jsx,"Executive Summary Dashboard: Skor Capaian Balanced Scorecard (BSC) Institusi, Persentase Realisasi Program RKT, Ringkasan Kinerja Akademik & Finansial Yayasan, Skor Kesiapan Akreditasi SPMI, Pending Approval Dokumen Penting, Matriks Risiko Kritis.","pimpinan_yayasan, direktur, kepala_sekolah, super_admin"
149,Manajemen (Eksekutif & Mutu),Profil Lembaga & Legalitas,/manajemen/institution-profile,Profil Legalitas & Visi Misi,InstitutionProfile.jsx,"Dokumentasi Visi, Misi, Tujuan Jangka Panjang, Nilai Budaya Yayasan (Core Values), Dokumen Izin Operasional, Akreditasi BAN-S/M, Struktur Pengurus Yayasan, Milestone Sejarah Lembaga.","manajemen, sekretariat, super_admin"
150,Manajemen (Eksekutif & Mutu),Rencana Induk (RIPS),/manajemen/planning/rips,Rencana Induk Pengembangan (20-25 Tahun),RipsPlanning.jsx,Grand Strategy Yayasan; Roadmap Pembangunan Fisik & Kelembagaan; Fase-fase Transformasi Digital & Pendidikan Global; Target-target Makro 25 Tahun.,"pimpinan_yayasan, dewan_pembina"
151,Manajemen (Eksekutif & Mutu),RKJP & RKJM,/manajemen/planning/rkjp-rkjm,Rencana Strategis Jangka Panjang/Menengah (4-8 Tahun),LongTermPlanning.jsx,Penyusunan Rencana Jangka Menengah (Renstra/RKJM); Sasaran Strategis 4 Tahunan; Rencana Anggaran Jangka Menengah; Indikator Kinerja Utama (IKU).,"pimpinan_yayasan, kepala_sekolah, tim_renstra"
152,Manajemen (Eksekutif & Mutu),Rencana Kerja Tahunan (RKT),/manajemen/planning/rkt,Tab: Matriks Program Kerja Tahunan,AnnualWorkPlan.jsx,"Daftar Program Kerja Tahunan per Divisi/Unit (Kurikulum, Kesiswaan, Sarpras, Keuangan, SDM, Humas); Target Output, PIC Penanggung Jawab, Jadwal Pelaksanaan (Gantt Chart), Alokasi Anggaran.","manajemen, kepala_unit, pic_program"
153,Manajemen (Eksekutif & Mutu),Rencana Kerja Tahunan (RKT),/manajemen/planning/rkt,Tab: Monitoring Capaian Realisasi,AnnualWorkPlan.jsx,"Progress Persentase Fisik & Keuangan per Program Kerja; Status Realisasi (Belum Mulai, Berjalan, Selesai, Tertunda); Evaluasi Kendala & Rekomendasi.","manajemen, tim_monev"
154,Manajemen (Eksekutif & Mutu),Tugas & Proyek,/manajemen/tasks,Task & Project Hub (Kanban),TaskProjectHub.jsx,"Papan Kanban Manajemen Proyek & Tugas (Backlog, To Do, In Progress, Review, Done); Form Tambah Tugas/Proyek; Assign PIC & Deadline; Lampiran Berkas; Komentar Kolaboratif.","seluruh_manajemen, staf, super_admin"
155,Manajemen (Eksekutif & Mutu),Evaluasi Diri (EVADIR),/manajemen/evadir,Evaluasi Diri Sekolah / Lembaga,SelfEvaluation.jsx,"Instrumen Evaluasi Diri berdasarkan 8 Standar Nasional Pendidikan (SNP: Standar Isi, Proses, Kompetensi Lulusan, Pendidik, Sarpras, Pengelolaan, Pembiayaan, Penilaian); Input Skor Bukti Fisik & Rencana Perbaikan.","tim_penjamin_mutu, kepala_sekolah"
156,Manajemen (Eksekutif & Mutu),Balanced Scorecard (BSC),/manajemen/bsc,4 Perspektif BSC & KPI,BalancedScorecard.jsx,"Pengukuran Kinerja 4 Perspektif: Financial, Customer (Wali Santri/Siswa), Internal Business Process, Learning & Growth; Penentuan Bobot & Target KPI; Dashboard Radar Chart Skor Kinerja.","direktur, pimpinan_yayasan, auditor_mutu"
157,Manajemen (Eksekutif & Mutu),Akreditasi,/manajemen/quality,Audit Mutu Internal & Akreditasi,Quality.jsx,Peta Pemenuhan Butir Akreditasi BAN-S/M; Unggah Bukti Dokumen Pendukung per Standar; Simulasi Skor Nilai Akreditasi (A/B/C); Temuan Audit Internal (AMI) & Tindakan Koreksi (PTK).,"tim_akreditasi, tim_mutu, kepala_sekolah"
158,Manajemen (Eksekutif & Mutu),Manajemen Risiko,/manajemen/risks,Register Risiko & Mitigasi,RiskManagement.jsx,"Daftar Risiko Institusi (Operasional, Keuangan, Reputasi, Kepatuhan Legal, Bencana/Keselamatan Santri); Matriks Tingkat Probabilitas vs Dampak (Heatmap 5x5); Rencana Tindakan Mitigasi & PIC.","manajemen, risk_officer, pimpinan_yayasan"
159,Manajemen (Eksekutif & Mutu),Evaluasi Kinerja SDM,/manajemen/performance,Rekap Kinerja Institusional Pegawai,Performance.jsx,Dashboard Agregat Penilaian Kinerja Guru & Staf; Distribusi Bell Curve Nilai Kinerja; Analisis Kebutuhan Pelatihan & Pengembangan SDM (TNA).,"direktur_sdm, pimpinan_yayasan, hrd"
160,Manajemen (Eksekutif & Mutu),Supervisi Akademik,/manajemen/supervision,Supervisi KBM & Guru,Supervision.jsx,"Jadwal Supervisi Kelas Guru oleh Kepala Sekolah/Pengawas; Instrumen Penilaian Modul Ajar, Pelaksanaan Pembelajaran, Pengelolaan Kelas; Umpan Balik & Rekomendasi Pembinaan.","kepala_sekolah, pengawas_sekolah, kurikulum"
161,Manajemen (Eksekutif & Mutu),Approval Center,/manajemen/approvals,Pusat Persetujuan Dokumen Terpusat,ApprovalCenter.jsx,"Inbox Approval Dokumen Terpadu (Pengajuan Anggaran, Pengadaan Sarpras, Pengajuan Cuti Khusus, Dokumen Kebijakan, SK Pengangkatan); Riwayat Persetujuan; Aksi Approve/Reject dengan Catatan Verifikasi.","pimpinan_yayasan, direktur, kepala_sekolah"
162,Manajemen (Eksekutif & Mutu),Repositori Dokumen,/manajemen/documents,Arsip Dokumen Legal & Kebijakan,DocumentRepository.jsx,"Penyimpanan Dokumen Resmi (Surat Keputusan Yayasan, SOP Kerja, Peraturan Yayasan, Kontrak Kerjasama MoU, Akta Notaris); Manajemen Folder & Kategori; Hak Akses Berkas; Download Dokumen PDF.","sekretariat, manajemen, super_admin"
163,Portal Guru (Mobile-First),Beranda,/guru/dashboard,Utama,Dashboard.jsx,"Teacher Hub Dashboard: Status Presensi Hari Ini, Countdown Sesi Mengajar Berikutnya, Jadwal Mengajar Hari Ini, Quick Action (Absen Kelas, Buat Jurnal, Nilai), Pengumuman Guru Terkini, Widget Mutaba'ah Santri.","guru, ustadz, wali_kelas"
164,Portal Guru (Mobile-First),Presensi Mandiri,/guru/absensi,Tab: Check-in / Check-out GPS,AbsensiPage.jsx,Presensi Selfie & Geolocation GPS Guru; Validasi Radius Sekolah; Tombol Check-In Pagi & Check-Out Sore; Riwayat Presensi Pribadi Bulanan.,"guru, seluruh_staf"
165,Portal Guru (Mobile-First),Presensi Mandiri,/guru/absensi,Tab: Pengajuan Izin & Cuti,AbsensiPage.jsx,Form Pengajuan Izin/Sakit/Cuti Mandiri; Unggah Surat Dokter / Bukti Surat Izin; Pantau Status Approval dari Kepala Sekolah / HRD.,"guru, seluruh_staf"
166,Portal Guru (Mobile-First),Jadwal Mengajar,/guru/jadwal,Roster Mengajar Mingguan,JadwalPage.jsx,"Tampilan Roster Jadwal Mengajar Guru per Hari (Senin - Sabtu); Info Kelas, Jam KBM, Mata Pelajaran, Ruangan; Tombol Langsung ke Absensi Kelas & Jurnal.","guru, ustadz"
167,Portal Guru (Mobile-First),Presensi KBM & Jurnal,/guru/absensi-kelas,Tab: Presensi Santri di Kelas,PresensiSiswaPage.jsx,"Daftar Siswa per Kelas Jam KBM; Tandai Kehadiran Santri (Hadir, Sakit, Izin, Alpa) dengan sekali ketuk; Tombol Cepat ""Set Semua Hadir""; Simpan Presensi KBM Real-Time.","guru_pengampu, wali_kelas"
168,Portal Guru (Mobile-First),Presensi KBM & Jurnal,/guru/absensi-kelas,Tab: Jurnal Mengajar Harian,JurnalPage.jsx,"Form Pengisian Jurnal KBM (Materi Pokok, Sub-Bab Pembahasan, Tujuan Pembelajaran Tercapai, Kejadian Khusus di Kelas, Dokumentasi Foto KBM); Riwayat Jurnal Guru.",guru_pengampu
169,Portal Guru (Mobile-First),Perencanaan & TP,/guru/tujuan-pembelajaran,Tujuan Pembelajaran & Silabus,PerencanaanPage.jsx,Daftar Tujuan Pembelajaran (TP) Guru per Mata Pelajaran & Kelas; Form Tambah/Edit TP; Checklist Materi yang Sudah Selesai Diajarkan; Unggah Modul Ajar / RPP.,"guru, kurikulum"
170,Portal Guru (Mobile-First),Penilaian Siswa,/guru/penilaian,Input Nilai Formatif & Sumatif,NilaiPage.jsx,"Layar Input Nilai Mobile-Friendly: Pilih Kelas & Mapel -> Input Nilai Ulangan Harian, Tugas, TP, Ujian Tengah/Akhir Semester; Kalkulasi Rata-rata Otomatis; Rekomendasi Remedial.","guru_pengampu, wali_kelas"
171,Portal Guru (Mobile-First),Data Siswa & Kelas,/guru/siswa,Direktori Santri Binaan,SantriPage.jsx,"Daftar Siswa Kelas / Halaqah Binaan; Profil Singkat Siswa, Foto, Alamat, Kontak WhatsApp Orang Tua; Tombol Direct Call / Chat WhatsApp Wali Santri.","wali_kelas, guru, pembimbing_asrama"
172,Portal Guru (Mobile-First),Kejadian & Konseling,/guru/kejadian-siswa,Tab: Catatan Kejadian (Logbook),KejadianPage.jsx,"Pencatatan Kejadian Spesifik Siswa (Prestasi Positif, Pelanggaran Kedisiplinan, Insiden Medis/Sakit di Kelas); Notifikasi Otomatis ke Wali Kelas & BK.","guru, wali_kelas, guru_bk"
173,Portal Guru (Mobile-First),Layanan Konseling Privat,/guru/konseling,Bimbingan & Konseling BK,KonselingPage.jsx,Jadwal Sesi Konseling Santri; Catatan Kasus Khusus; Rencana Tindak Lanjut & Monitoring Perkembangan Emosional/Akademik Santri.,"guru_bk, wali_kelas"
174,Portal Guru (Mobile-First),Pengumuman,/guru/pengumuman,Papan Informasi Internal,PengumumanPage.jsx,"Daftar Berita, Edaran Resmi Yayasan, Undangan Rapat Dewan Guru, Jadwal Pengawasan Ujian; Lampiran PDF Edaran.","seluruh_guru, staf"
175,Portal Guru (Mobile-First),Profil & Pengaturan,/guru/profil,Akun & Keamanan Guru,ProfilPage.jsx,"Profil Pribadi Guru (NIP, Kontak, Biodata); Ganti Password; Pengaturan Notifikasi; Unduh Slip Gaji Elektronik.","seluruh_guru, staf"
176,Portal Calon Murid (PSB),Beranda & Status,/calon-murid/dashboard,Status Pendaftaran & Alur,Dashboard.jsx,"Dashboard Pendaftar: Nomor Registrasi Pendaftaran, Timeline Tahapan PSB (Pengisian Formulir -> Unggah Berkas -> Pembayaran Formulir -> Ujian CBT -> Pengumuman Kelulusan -> Daftar Ulang); Status Verifikasi Berkas; Pengumuman Hasil Seleksi Masuk (Lulus / Cadangan / Tidak Lulus); Unduh Surat Keputusan Kelulusan (SKL) Resmi.","calon_siswa, wali_calon_siswa"
177,Portal Calon Murid (PSB),Data Lengkap Formulir,/calon-murid/data-lengkap,Formulir Biodata 5 Langkah,DataLengkap.jsx,"Multi-Step Wizard Biodata: Langkah 1 Data Pribadi Calon Siswa (NISN, NIK, Nama Lengkap, TTL, Jenis Kelamin); Langkah 2 Data Orang Tua (Ayah & Ibu); Langkah 3 Data Wali; Langkah 4 Data Sekolah Asal & Riwayat Prestasi; Langkah 5 Kuesioner Peminatan/Karakter; Tombol Simpan Draft & Kunci Formulir Final.","calon_siswa, wali_calon_siswa"
178,Portal Calon Murid (PSB),Berkas Dokumen,/calon-murid/dokumen,Upload Persyaratan Berkas,Dokumen.jsx,"Unggah Berkas Persyaratan Digital: Akta Kelahiran, Kartu Keluarga (KK), KTP Orang Tua, Pas Foto Berwarna, Ijazah/Surat Keterangan Lulus, Rapor Sekolah Asal, Sertifikat Piagam Prestasi; Status Verifikasi Berkas (Pending, Terverifikasi, Ditolak dengan Catatan Perbaikan).","calon_siswa, wali_calon_siswa"
179,Portal Calon Murid (PSB),Tes Seleksi Masuk,/calon-murid/test,Ujian CBT Online & Wawancara,TesSeleksi.jsx,"Portal Ujian Masuk Online (CBT): Jadwal Sesi Ujian, Tes Akademik & Potensi Skolastik, Tes Kemampuan Agama & Baca Al-Qur'an; Timer Ujian Online; Navigasi Soal Pilihan Ganda; Submit Jawaban Ujian Masuk; Link Sesi Wawancara Virtual.",calon_siswa
180,PPDB Online (Admin & Panitia),Dashboard,/ppdb/dashboard,Utama,Dashboard.jsx,"Statistik PSB Real-Time: Total Pendaftar per Gelombang/Jalur, Rasio Pendaftar Laki-laki vs Perempuan, Status Pembayaran Formulir, Progress Verifikasi Berkas, Kuota Rombel Terisi vs Sisa Kuota, Grafik Asal Sekolah Calon Siswa.","panitia_ppdb, admin_ppdb, super_admin"
181,PPDB Online (Admin & Panitia),Program & Kuota,/ppdb/programs,Tab: Gelombang & Jalur Pendaftaran,Programs.jsx,"Pengaturan Gelombang PPDB (Gelombang 1 Inden, Gelombang 2 Reguler, Jalur Prestasi Tahfidz, Jalur Beasiswa); Tanggal Buka-Tutup Pendaftaran; Biaya Formulir; Skema Uang Pangkal.","admin_ppdb, panitia_ppdb"
182,PPDB Online (Admin & Panitia),Program & Kuota,/ppdb/programs,Tab: Kuota Rombel & Satuan Pendidikan,Programs.jsx,"Setting Target Daya Tampung / Kuota Siswa Baru per Unit Sekolah (SD, SMP, SMA, Pondok Putra, Pondok Putri).","admin_ppdb, kepala_sekolah"
183,PPDB Online (Admin & Panitia),Data Calon Murid,/ppdb/registrants,Master Data Pendaftar,Registrants.jsx,"Tabel Seluruh Calon Siswa Terdaftar; Filter Satuan Pendidikan, Gelombang, Status Verifikasi, Status Pembayaran Formulir; Pencarian Nama/No Registrasi; Modal Verifikasi Berkas Dokumen (Terima / Tolak dengan Catatan); Reset Password Akun Calon Siswa; Export Data Pendaftar Lengkap Excel.","panitia_ppdb, admin_ppdb"
184,PPDB Online (Admin & Panitia),Seleksi & Pengumuman,/ppdb/selection,Tab: Penilaian Tes Seleksi Masuk,Selection.jsx,"Input Nilai Ujian Masuk (Nilai CBT Akademik, Nilai Tes Tahfidz/Baca Qur'an, Nilai Wawancara Calon Siswa & Orang Tua); Pembobotan Skor Total; Perankingan Otomatis.","panitia_ppdb, penguji_seleksi"
185,PPDB Online (Admin & Panitia),Seleksi & Pengumuman,/ppdb/selection,Tab: Keputusan Kelulusan & SKL,Selection.jsx,"Penetapan Status Kelulusan (Lulus Pilihan 1, Lulus Cadangan, Tidak Lulus); Publish Pengumuman Kelulusan Massal ke Portal Calon Siswa; Broadcast WhatsApp Pengumuman; Cetak SKL Berbarcode.","panitia_ppdb, kepala_sekolah"
186,PPDB Online (Admin & Panitia),Uang Pangkal & Rombel,/ppdb/enrollment,Tab: Verifikasi Daftar Ulang,Enrollment.jsx,Monitoring Pembayaran Uang Pangkal / Daftar Ulang Santri Baru; Verifikasi Bukti Transfer; Pencatatan Skema Cicilan Uang Masuk.,"panitia_ppdb, keuangan"
187,PPDB Online (Admin & Panitia),Uang Pangkal & Rombel,/ppdb/enrollment,Tab: Penempatan Kelas (Plotting Rombel),Enrollment.jsx,Penempatan Siswa yang Sudah Daftar Ulang ke Rombongan Belajar / Kelas Baru; Generate NIS / NISN Resmi; Integrasi Migrasi Data Otomatis ke Modul Akademik.,"admin_akademik, panitia_ppdb"
188,PPDB Online (Admin & Panitia),Pengunduran Diri,/ppdb/withdrawals,Pembatalan & Pengembalian Dana,Withdrawals.jsx,Pengajuan Pengunduran Diri Calon Siswa; Alasan Pembatalan; Perhitungan Potongan Biaya Administrasi & Nominal Refund Uang Pangkal; Approval Keuangan & Pembatalan Status Siswa.,"panitia_ppdb, keuangan, super_admin"
189,CMS Website Utama Publik,Dashboard CMS,/website-utama/dashboard,Utama,Dashboard.jsx,"Statistik Web Publik: Total Kunjungan Pengunjung (Visitor Analytics), Jumlah Artikel & Berita Published, Formulir Konsultasi Masuk Hari Ini, Status Akreditasi & Agenda Terdekat, Quick Link Live Website.","admin_cms, humas, super_admin"
190,CMS Website Utama Publik,Beranda & Keunggulan,/website-utama/home,Hero Banner & Keunggulan,KontenBeranda.jsx,"Editor Konten Hero Banner (Headline, Subtitle, Tombol CTA, Gambar Slider); Poin Keunggulan Utama Sekolah (Akreditasi, Tahfidz 30 Juz, Karakter Islami, Kurikulum Internasional); Statistik Unggulan di Homepage.","admin_cms, humas"
191,CMS Website Utama Publik,Profil Pengajar,/website-utama/staff-profiles,Direktori Dewan Asatidz & Guru,ProfilPengajar.jsx,"Kelola Profil Guru/Ustadz yang Ditampilkan di Website Publik (Nama Lengkap, Foto Resmi, Jabatan/Bidang Pengampu, Riwayat Pendidikan Alumnus, Prestasi, Quote Pendidik); Toggle Tampilkan di Web.","admin_cms, hrd"
192,CMS Website Utama Publik,Kehidupan Sekolah,/website-utama/school-life,Tab: Aktivitas Harian Santri (Boarding Life),KehidupanSekolah.jsx,"Jadwal Aktivitas Keseharian Santri (Qiyamul Lail, Sholat Berjamaah, KBM Formal, Setoran Qur'an, Olahraga Sunnah, Istirahat); Foto Dokumentasi Kehidupan Asrama.","admin_cms, kesiswaan"
193,CMS Website Utama Publik,Kehidupan Sekolah,/website-utama/school-life,Tab: Fasilitas Kampus & Laboratorium,KehidupanSekolah.jsx,"Daftar Fasilitas Unggulan (Masjid Megah, Gedung Asrama Ber-AC, Laboratorium Sains/Komputer, Lapangan Berkuda/Memanah, Kantin Sehat, Kolam Renang); Galeri Foto Fasilitas.","admin_cms, sarpras"
194,CMS Website Utama Publik,Berita & Pengumuman,/website-utama/news,Artikel Berita & Press Release,BeritaPengumuman.jsx,"Editor Berita Rich Text WYSIWYG; Judul, Slug SEO, Kategori Berita, Tanggal Terbit, Foto Cover/Thumbnail, Konten Artikel, Tag Kata Kunci; Status Draf vs Terbit (Published); Fitur Headline Pilihan.","admin_cms, jurnalis_sekolah"
195,CMS Website Utama Publik,Galeri Kegiatan,/website-utama/galleries,Album Foto & Video Dokumentasi,GaleriKegiatan.jsx,"Manajemen Album Foto Kegiatan (Wisuda, Pesantren Kilat, Lomba, Outbound, Munaqasyah); Upload Multi Foto Beresolusi Tinggi; Embed Video YouTube Dokumentasi Sekolah.","admin_cms, dokumentasi"
196,CMS Website Utama Publik,FAQ & Testimoni,/website-utama/faqs-testimonials,Tab: Tanya Jawab Sering Ditanyakan (FAQ),FaqTestimoni.jsx,"Kelola Daftar FAQ (Pertanyaan & Jawaban per Kategori: Pendaftaran PPDB, Biaya Pendidikan, Kurikulum, Kehidupan Pondok); Pengurutan Tampilan FAQ.","admin_cms, humas"
197,CMS Website Utama Publik,FAQ & Testimoni,/website-utama/faqs-testimonials,Tab: Testimoni Wali Santri & Alumni,FaqTestimoni.jsx,"Daftar Testimoni (Nama Wali/Alumni, Profesi, Angkatan, Kutipan Pengalaman Positif, Foto Profil); Rating Bintang; Moderasi Tampil di Halaman Depan.","admin_cms, humas"
198,CMS Website Utama Publik,Agenda & Akreditasi,/website-utama/events-accreditations,Tab: Kalender Acara Publik (Events),AgendaAkreditasi.jsx,"Daftar Acara Terbuka untuk Umum/Wali (Open House, Webinar Parenting, Tabligh Akbar, Wisuda Tahfidz); Tanggal, Waktu, Lokasi, Link Pendaftaran Acara.","admin_cms, humas"
199,CMS Website Utama Publik,Agenda & Akreditasi,/website-utama/events-accreditations,Tab: Sertifikat Akreditasi & Legalitas,AgendaAkreditasi.jsx,"Publikasi Piagam Akreditasi Unit Sekolah (Predikat A Unggul), No. SK Kemendikbud/Kemenag, Download Brosur Profil Sekolah PDF.","admin_cms, humas"
200,CMS Website Utama Publik,PPDB Online (Admin),/website-utama/ppdb,Landing Page & Informasi Brosur PPDB,PpdbAdmin.jsx,"Pengaturan Konten Brosur Digital PPDB di Website Publik (Alur Pendaftaran, Brosur Biaya Pendidikan, Syarat Masuk, Tombol Akses Pendaftaran Online / Login Calon Murid).","admin_cms, panitia_ppdb"
201,CMS Website Utama Publik,Layanan Konsultasi,/website-utama/consultation,Kotak Masuk Lead & Pertanyaan Wali,KonsultasiAdmin.jsx,"Daftar Pesan Masuk dari Formulir ""Hubungi Kami"" & Konsultasi Calon Wali Santri di Website; Nama, Email, No WhatsApp, Pertanyaan; Status Respon (Baru, Sudah Dihubungi, Selesai); Tombol Langsung Chat WhatsApp.","humas, customer_service, admin_cms"
202,CMS Website Utama Publik,Artikel & Moderasi,/website-utama/articles,Karya Tulis Guru & Santri,ArtikelModerasi.jsx,Moderasi Karya Tulis & Opini Ilmiah dari Guru / Santri; Review Isi Artikel; Aksi Setujui (Publish ke Rubrik Opini Web) / Tolak dengan Catatan Revisi.,"admin_cms, editor_web"
203,CMS Website Utama Publik,Pengaturan & Akses CMS,/website-utama/settings,Konfigurasi SEO & Media Sosial,PengaturanCms.jsx,"Pengaturan Meta Title & Description SEO Web Utama, OpenGraph Image Share, Google Analytics Tracking ID, Link Akun Media Sosial Resmi (Instagram, YouTube, Facebook, TikTok), Nomor Kontak Call Center WhatsApp Yayasan.","admin_cms, super_admin"